Num,lat,lon,site_mean,MAT,MAT_season,MAP,MAP_season,AI,AET,VPD,srad,tmax,tmin,CEC,BD,pH,Sand,Silt,Clay,SWC,SOC,TN,TP,MBC,MBN,FB_ratio,NPP,BNPP,NDVI,Ndep,LDMC,SLA,LNC,LPC,Vcmax,fLNR,EM_tree,AM_tree,lnBNF,,,,,,,,,ssss
1,79.09,-80,0.98,-20.12075,1367.361,172,76.52892,12718,NaN,0.008333334,97.56667,-15.51667,-21.075,NaN,NaN,NaN,NaN,NaN,NaN,NaN,NaN,NaN,NaN,0,0,NaN,0,NaN,NaN,0.000499734,0.2777466,12.37213,0.8320453,NaN,NaN,NaN,0.8259912,0.1960937,-0.020202707,,,,,,,,,
2,78.53,-75.55,0.845,-17.97009,1275.067,164,71.58845,15822,NaN,0.008333334,95.63333,-14.39167,-19.90833,NaN,NaN,NaN,NaN,NaN,NaN,NaN,NaN,NaN,NaN,0,0,NaN,0,NaN,NaN,0.0005767,0.2570755,13.05853,0.6251272,NaN,NaN,NaN,0.8113725,0.216679,-0.168418652,,,,,,,,,
3,75.55,-84.666667,1.5841,-15.21562,1346.826,202,76.13238,NaN,NaN,NaN,NaN,NaN,NaN,NaN,NaN,NaN,NaN,NaN,NaN,NaN,NaN,NaN,NaN,0,0,NaN,0,NaN,NaN,0.000927449,0.291518,13.0547,NaN,NaN,NaN,NaN,0.8441616,0.1729021,0.460016423,,,,,,,,,
4,75.55,-84.4,36.30291168,-15.87059,1353.654,208,76.30458,NaN,NaN,0.04166667,101.0417,-11.45,-17.64167,0.1046,1.44,7,62,25,5,35,19.7,1.3,1000,0,0,NaN,0,NaN,NaN,0.000927449,0.2567425,13.2829,1.384957,NaN,NaN,NaN,0.8441616,0.1729021,3.59189795,,,,,,,,,
5,75.55,-84.67,35.83629101,-15.21562,1346.826,202,76.13238,NaN,NaN,NaN,NaN,NaN,NaN,NaN,NaN,NaN,NaN,NaN,NaN,NaN,NaN,NaN,NaN,0,0,NaN,0,NaN,NaN,0.000927449,0.291518,13.0547,NaN,NaN,NaN,NaN,0.8441616,0.1729021,3.578961095,,,,,,,,,
6,75,-84,3,-14.32661,1312.1,227,74.42483,8407,115.2126,0.05,101.6667,-10.15833,-16.26667,0.1046,1.44,7,62,25,5,35,19.7,1.3,1000,344.566,36.5585,0.2570351,0,NaN,NaN,0.000927449,0.2926721,13.29967,2.726607,1.599656,NaN,NaN,0.8488024,0.1698441,1.098612289,,,,,,,,,
7,70,20,1.6,1.63976,674.3249,719,22.97644,NaN,NaN,0.2416667,87.10833,6.175,-0.4,0.0792,1.38,6.4,63,15,8,22,10.6,0.7,600,143.384,10.9024,0.2409115,0,NaN,NaN,0.01181525,0.2248891,11.88211,7.570962,1.405699,NaN,NaN,0.8639326,0.143213,0.470003629,,,,,,,,,
8,69.45,27.01,2.356666667,-1.429927,971.872,432,46.64165,8808,281.8575,0.1916667,87.70834,3.708333,-4.783333,0.2159,0.89,3.9,68,22,9,27,198.9,3.8,800,223.65,25.519,0.240998,2718,0.37321,0.309,0.01359126,0.3352968,12.05046,16.34994,1.108182,60.54634,21.22974,0.9950149,0.006657185,0.857248191,,,,,,,,,
9,68.316667,18.833333,2.229095556,-3.123021,815.5307,649,28.5418,20489,150.5622,0.1083333,86.05833,0.3,-6.9,0.2734,1.02,4.8,56,32,10,24,90,4.5,600,184.316,15.7734,0.211842,439,0.5121231,NaN,0.01403489,0.2274104,12.9756,16.50655,1.516477,NaN,NaN,0.942887,0.06037981,0.801595923,,,,,,,,,
10,68.32,18.84,2.2,-3.123021,815.5307,649,28.5418,20489,150.5622,0.1083333,86.05833,0.3,-6.9,0.2734,1.02,4.8,56,32,10,24,90,4.5,600,184.316,15.7734,0.211842,439,0.5121231,NaN,0.01403489,0.2274104,12.9756,16.50655,1.516477,NaN,NaN,0.942887,0.06037981,0.78845736,,,,,,,,,
11,68.33,18.82,2.238691,-3.123021,815.5307,649,28.5418,20489,150.5622,0.1083333,86.05833,0.3,-6.9,0.2734,1.02,4.8,56,32,10,24,90,4.5,600,184.316,15.7734,0.211842,439,0.5121231,NaN,0.01403489,0.2274104,12.9756,16.50655,1.516477,NaN,NaN,0.942887,0.06037981,0.80589132,,,,,,,,,
12,68.35,18.82,1.272910775,-3.123021,815.5307,649,28.5418,20489,150.5622,0.1083333,86.05833,0.3,-6.9,0.2734,1.02,4.8,56,32,10,24,90,4.5,600,184.316,15.7734,0.211842,439,0.5121231,NaN,0.01403489,0.2274104,12.9756,16.50655,1.516477,NaN,NaN,0.942887,0.06037981,0.241306227,,,,,,,,,
13,68.3225,18.844444,4.34,-3.123021,815.5307,649,28.5418,20489,150.5622,0.1083333,86.05833,0.3,-6.9,0.2734,1.02,4.8,56,32,10,24,90,4.5,600,184.316,15.7734,0.211842,439,0.5121231,NaN,0.01403489,0.2274104,12.9756,16.50655,1.516477,NaN,NaN,0.942887,0.06037981,1.467874348,,,,,,,,,
14,68.19,18.51,0.3,-3.123021,815.5307,649,28.5418,20489,150.5622,0.1083333,86.05833,0.3,-6.9,0.2734,1.02,4.8,56,32,10,24,90,4.5,600,184.316,15.7734,0.211842,439,0.5121231,NaN,0.01403489,0.2274104,12.9756,16.50655,1.516477,NaN,NaN,0.942887,0.06037981,-1.203972804,,,,,,,,,
15,68.19,18.51,1.75,-3.123021,815.5307,649,28.5418,20489,150.5622,0.1083333,86.05833,0.3,-6.9,0.2734,1.02,4.8,56,32,10,24,90,4.5,600,184.316,15.7734,0.211842,439,0.5121231,NaN,0.01403489,0.2274104,12.9756,16.50655,1.516477,NaN,NaN,0.942887,0.06037981,0.559615788,,,,,,,,,
16,68.21,18.49,1.2,-2.778833,756.2679,759,23.51197,18227,148.7759,0.1416667,90.075,2.183333,-4.758333,0.2734,1.02,4.8,56,32,10,24,90,4.5,600,248.51,19.4919,0.2092152,523,0.8623271,0.184,0.01403489,0.2407183,13.40335,17.94502,1.449664,NaN,NaN,0.942887,0.06037981,0.182321557,,,,,,,,,
17,68,19,1.6,-2.659604,969.5851,546,40.27987,11529,224.3773,0.1583333,90.95,2.483333,-5.391667,0.2734,1.02,4.8,56,32,10,24,90,4.5,600,113.588,24.2609,0.213179,2001,0.3504334,0.206,0.01771683,0.2425371,13.49174,18.92252,1.400792,NaN,NaN,0.9750104,0.02503849,0.470003629,,,,,,,,,
18,68,19,1.79,-2.659604,969.5851,546,40.27987,11529,224.3773,0.1583333,90.95,2.483333,-5.391667,0.2734,1.02,4.8,56,32,10,24,90,4.5,600,113.588,24.2609,0.213179,2001,0.3504334,0.206,0.01771683,0.2425371,13.49174,18.92252,1.400792,NaN,NaN,0.9750104,0.02503849,0.58221562,,,,,,,,,
19,68,18,2.2,-2.349469,815.6095,685,27.21654,14021,156.4664,0.1333333,89.25,2.183333,-5.233333,0.2734,1.02,4.8,56,32,10,24,90,4.5,600,190.884,16.1142,0.2179199,768,0.5768102,0.179,0.01444595,0.2107759,13.03452,17.69489,1.472717,NaN,NaN,0.9659554,0.03298499,0.78845736,,,,,,,,,
20,65.85,18.34,6.205584,-0.3367811,959.1874,553,39.68752,10263,325.9613,0.2,96.45834,4.85,-4.183333,0.3295,0.91,4.7,50,35,13,24,112.8,6.1,NaN,353.454,46.8102,0.2181431,1020,NaN,NaN,0.02410052,0.3102903,12.36491,9.111236,1.100373,80.5666,24.83173,0.9959643,0.001755057,1.825449532,,,,,,,,,
21,65.55,17.43,1.113333333,-0.8056564,975.2744,632,37.30376,11789,295.1721,0.1916667,96.05,4.608333,-3.858333,0.3295,0.91,4.7,50,35,13,24,112.8,6.1,800,487.393,73.6297,0.20857,3934,0.5997496,0.329,0.02410052,0.2998628,12.878,15.6749,1.134569,80.08236,23.3697,0.9928958,0.003167263,0.107358518,,,,,,,,,
22,65.5,18,1,0.2868542,953.23,621,39.58513,11188,299.5877,0.225,96.81667,5.641667,-3.658333,0.3295,0.91,4.7,50,35,13,24,112.8,6.1,800,759.321,100.029,0.2207799,4127,0.6437982,0.409,0.02410052,0.3353165,12.30332,16.09451,0.9746194,80.5666,21.43901,0.9959643,0.001755057,0,,,,,,,,,
23,65.5,18.5,1.772655575,0.3832708,947.9311,596,37.06146,10301,294.9523,0.225,96.74167,5.966667,-3.25,0.3295,0.91,4.7,50,35,13,24,112.8,6.1,800,725.31,98.2638,0.2132573,3937,0.4792388,0.375,0.02410052,0.3362031,12.13026,14.63807,0.9800829,80.72914,17.00516,0.9959643,0.001755057,0.572478747,,,,,,,,,
24,65,19,3.6,1.353854,921.592,550,35.24847,9317,307.9796,0.25,97.55,6.891667,-2.175,0.3295,0.91,4.7,50,35,13,24,112.8,6.1,800,629.576,92.4518,NaN,4733,0.4820247,0.42,0.03032723,0.3514417,11.26912,16.16845,1.031115,86.16806,16.91505,0.9973367,0.003547262,1.280933845,,,,,,,,,
25,65,19,0.4,1.353854,921.592,550,35.24847,9317,307.9796,0.25,97.55,6.891667,-2.175,0.3295,0.91,4.7,50,35,13,24,112.8,6.1,800,629.576,92.4518,NaN,4733,0.4820247,0.42,0.03032723,0.3514417,11.26912,16.16845,1.031115,86.16806,16.91505,0.9973367,0.003547262,-0.916290732,,,,,,,,,
26,65,19,1.75,1.353854,921.592,550,35.24847,9317,307.9796,0.25,97.55,6.891667,-2.175,0.3295,0.91,4.7,50,35,13,24,112.8,6.1,800,629.576,92.4518,NaN,4733,0.4820247,0.42,0.03032723,0.3514417,11.26912,16.16845,1.031115,86.16806,16.91505,0.9973367,0.003547262,0.559615788,,,,,,,,,
27,65,20,2.511660749,1.655177,881.5473,610,34.19483,10329,330.0426,0.2666667,97.31667,6.85,-1.975,0.3295,0.91,4.7,50,35,13,24,112.8,6.1,800,875.512,99.8748,NaN,5160,0.6916583,0.443,0.03032723,0.3598899,11.65902,16.57873,0.9260154,66.12952,11.73879,0.9888018,0.007813521,0.920944187,,,,,,,,,
28,65,18.5,1.976303419,1.260281,909.6353,583,37.72569,10689,304.0134,0.25,97.96667,6.775,-2.383333,0.3295,0.91,4.7,50,35,13,24,112.8,6.1,800,619.243,92.7217,0.2259338,5454,0.7376423,0.424,0.02410052,0.3530775,11.07433,15.93653,1.016827,86.16806,16.11216,0.9972373,0.002537183,0.68122814,,,,,,,,,
29,64.5,18.5,5.045273334,1.552458,868.8516,597,37.52906,9901,303.1567,0.25,98.69167,7.016667,-1.933333,0.2995,0.97,4.7,48,38,12,27,96.9,4.9,800,462.901,84.3832,NaN,4987,0.5654637,0.441,0.03117616,0.346497,10.32873,15.935,0.9151383,54.56588,10.32693,0.9972373,0.002537183,1.618451832,,,,,,,,,
30,64.5,18.5,7.606235,1.552458,868.8516,597,37.52906,9901,303.1567,0.25,98.69167,7.016667,-1.933333,0.2995,0.97,4.7,48,38,12,27,96.9,4.9,800,462.901,84.3832,NaN,4987,0.5654637,0.441,0.03117616,0.346497,10.32873,15.935,0.9151383,54.56588,10.32693,0.9972373,0.002537183,2.028968306,,,,,,,,,
31,64.23,19.76667,0.864154608,1.672635,916.4215,613,34.027,10374,322.6117,0.25,98.49167,7.016667,-1.708333,0.3704,0.85,4.5,47,37,14,27,128.8,7,800,534.939,86.9302,NaN,5481,0.7582597,0.486,0.03591468,0.3663366,10.9327,15.54156,0.9364862,56.52773,10.28233,0.9973367,0.003547262,-0.146003582,,,,,,,,,
32,64.23,19.77,0.85,1.672635,916.4215,613,34.027,10374,322.6117,0.25,98.49167,7.016667,-1.708333,0.3704,0.85,4.5,47,37,14,27,128.8,7,800,534.939,86.9302,NaN,5481,0.7582597,0.486,0.03591468,0.3663366,10.9327,15.54156,0.9364862,56.52773,10.28233,0.9973367,0.003547262,-0.162518929,,,,,,,,,
33,64,19,1,2.697771,845.7463,698,30.10361,11118,342.1037,0.25,100.275,7.441667,-1.116667,0.2255,1.13,5.2,52,34,14,23,65.7,3.4,800,468.947,82.5425,NaN,4978,1.453038,0.427,0.03591468,0.3595189,11.03977,15.9189,0.9493694,58.02847,10.5546,0.9860707,0.01664219,0,,,,,,,,,
34,64,19,0.875,2.697771,845.7463,698,30.10361,11118,342.1037,0.25,100.275,7.441667,-1.116667,0.2255,1.13,5.2,52,34,14,23,65.7,3.4,800,468.947,82.5425,NaN,4978,1.453038,0.427,0.03591468,0.3595189,11.03977,15.9189,0.9493694,58.02847,10.5546,0.9860707,0.01664219,-0.133531393,,,,,,,,,
35,64,24,0.865,2.432656,891.1636,547,35.94966,8882,380.8922,0.275,97.475,7.658333,-0.8,0.2429,0.5,4.3,39,39,21,42,339.1,2.8,700,241.575,37.8636,0.1985996,6051,0.907515,0.452,0.04700694,0.3441053,11.23095,16.49841,0.9687022,60.92991,12.07264,0.9993063,0.001200892,-0.145025772,,,,,,,,,
36,64,17,1.6,1.366552,909.2025,651,32.94394,11091,324.542,0.225,99.71667,6.258333,-2.433333,0.2995,0.97,4.7,48,38,12,27,96.9,4.9,800,635.016,91.6564,0.2300001,4674,0.8282601,0.448,0.03117616,0.3307445,11.80547,16.59813,1.013566,61.14796,11.46956,0.9942589,0.01247257,0.470003629,,,,,,,,,
37,64,-111,0.68,-8.296782,1540.403,280,49.38766,5799,273.5902,0.175,114.5333,-3.066667,-11.80833,0.1077,1.26,6,62,23,13,40,13.6,0.9,500,118.163,26.8487,0.2324628,1696,0.4307139,0.207,0.005917087,0.2417007,14.41362,15.92863,1.543736,NaN,NaN,0.9235155,0.06741292,-0.385662481,,,,,,,,,
38,64,20,3.74052,3.165833,839.5275,624,28.33046,10326,358.3639,0.2416667,100.2417,8.391666,0.04166667,0.2255,1.13,5.2,52,34,14,23,65.7,3.4,800,795.379,95.0682,NaN,6324,0.993864,0.411,0.03591468,0.3460439,11.72681,13.49989,1.017941,65.5444,11.81584,0.9824328,0.01474125,1.319224639,,,,,,,,,
39,63.7,-19.5,2.0065875,-0.08656249,420.8218,1664,15.12799,34038,194.271,0.1416667,89.40833,2.175,-2.808333,NaN,NaN,NaN,NaN,NaN,NaN,NaN,NaN,NaN,NaN,137.894,9.54965,NaN,0,NaN,NaN,0.02480817,0.2325635,11.44087,5.273099,1.457502,NaN,NaN,0.8074805,0.1882114,0.696435518,,,,,,,,,
40,63,10,2,0.7916458,660.5211,720,30.62149,13038,344.7525,0.2166667,100.0333,4.558333,-2.641667,0.1258,1.28,4.8,78,12,8,31,39.1,2.1,700,111.976,22.7971,0.2302874,2472,1.134902,0.212,0.02382907,0.2218287,13.06479,18.89905,1.638797,70.94206,25.269,0.965673,0.03304243,0.693147181,,,,,,,,,
41,62,13,1.7,0.8233854,897.8565,646,34.81875,10796,349.3029,0.2083333,103.15,5.541667,-2.075,0.2048,1.17,4.6,75,14,10,24,69.6,3.6,800,490.898,84.7239,0.2400094,4031,0.6655577,0.428,0.03175285,0.3089025,11.13106,16.18356,1.171793,69.56506,18.84298,0.9864125,0.01520693,0.530628251,,,,,,,,,
42,61.1,-149.51,0.20625,2.156918,916.026,791,40.79882,12527,343.9182,0.2833333,98.00833,6.741667,-0.6083333,0.3806,0.61,4.9,35,59,6,29,199.3,5.5,700,214.964,31.3663,0.2022124,3245,1.534422,0.312,0.007755805,0.3296428,10.81341,13.48207,1.404745,NaN,NaN,0.9850038,0.01491529,-1.578666254,,,,,,,,,
43,60,15,0.9,4.671698,767.1473,757,24.88275,11162,449.6427,0.3083333,108.6417,9.65,1.266667,0.3098,0.98,4.8,50,36,12,26,101.9,5.1,800,329.722,59.3772,0.223397,5990,3.108942,0.586,0.05120759,0.3833302,8.486024,14.28664,0.9459189,60.81198,9.347959,0.9577178,0.04488613,-0.105360516,,,,,,,,,
44,60,17,0.73,5.837625,748.2133,575,28.23868,7610,476.3137,0.3416667,111.9667,10.35,3.033333,0.2261,1.13,5.2,52,33,15,32,65.8,3.5,700,114.59,13.9801,NaN,5293,1.600375,0.398,0.05321471,0.3509828,10.37883,13.06857,0.9905055,60.02082,12.84216,0.9377612,0.06810921,-0.314710745,,,,,,,,,
45,60,16,1.775,5.423167,773.9064,659,25.92117,8992,462.0834,0.3333333,110.3167,10.2,2.183333,0.2261,1.13,5.2,52,33,15,28,65.8,3.5,700,202.318,45.5688,0.2491954,5883,2.192464,0.579,0.05120759,0.3651689,9.469645,15.25137,0.8643071,56.73362,10.22189,0.9476067,0.05527658,0.573800423,,,,,,,,,
46,57,16,0.5,6.916313,664.7781,523,20.92031,6952,462.083,0.3,117.2417,11.1,4.55,0.2489,1.11,5,52,33,14,34,76.3,4,600,132.082,32.0921,NaN,7175,1.366124,0.497,0.1074482,0.3458261,10.9204,12.78922,1.182398,52.43835,9.449839,0.9048728,0.08805353,-0.693147181,,,,,,,,,
47,56.5,-3.4,1.5,7.9795,426.4392,798,16.93278,13044,496.1532,0.2916667,99.41666,12.04167,4.833333,0.1627,1.35,6.2,53,35,12,37,35.9,1.4,700,116.244,16.4114,0.103981,8208,1.593644,0.635,0.06350087,0.3170109,12.21976,12.64894,1.475269,58.08265,18.45962,0.9050459,0.1030111,0.405465108,,,,,,,,,
48,54.8,-66.83,5.516773672,-5.280562,1314.909,803,30.477,16425,352.3656,0.1583333,121.9167,0.3583333,-8.983334,0.2095,1.19,7.6,40,38,21,34,27.9,1.4,NaN,125.915,25.5041,0.179571,2921,0.8034454,0.251,0.01338295,0.2266272,11.85515,16.69031,1.648181,58.09393,16.5725,0.9795402,0.02518021,1.70779321,,,,,,,,,
49,54.33,-3.03,9.515,8.339357,424.8041,1350,26.57683,16705,572.3823,0.2583333,105.1667,13.09167,6.191667,0.1037,1.26,7.7,15,60,25,27,21.4,0.4,700,256.247,35.9987,0.08032563,8751,1.707928,NaN,0.07415842,0.3032937,13.93989,13.85856,1.505108,45.65667,18.23293,0.8670203,0.1295825,2.252869501,,,,,,,,,
50,54.33,-3.03,0.47,8.339357,424.8041,1350,26.57683,16705,572.3823,0.2583333,105.1667,13.09167,6.191667,0.1037,1.26,7.7,15,60,25,27,21.4,0.4,700,256.247,35.9987,0.08032563,8751,1.707928,NaN,0.07415842,0.3032937,13.93989,13.85856,1.505108,45.65667,18.23293,0.8670203,0.1295825,-0.755022584,,,,,,,,,
51,54.33,-3.03,4.916666667,8.339357,424.8041,1350,26.57683,16705,572.3823,0.2583333,105.1667,13.09167,6.191667,0.1037,1.26,7.7,15,60,25,27,21.4,0.4,700,256.247,35.9987,0.08032563,8751,1.707928,NaN,0.07415842,0.3032937,13.93989,13.85856,1.505108,45.65667,18.23293,0.8670203,0.1295825,1.592630794,,,,,,,,,
52,51.77,-106.66,1.5,2.657906,1293.713,343,62.25358,3345,490.8803,0.4416667,149.8833,9.008333,-3,0.1022,1.39,6.6,87,7,6,20,11.2,0.9,400,70.7398,5.66842,0.1394468,3537,1.433794,0.286,0.04565167,0.2829809,13.058,2.944794,1.469451,78.69639,23.82286,0.983832,0.02611152,0.405465108,,,,,,,,,
53,51.7,-1.4,4.9,10.11057,479.4881,646,13.57704,7528,573.5558,0.4,112.1083,14.65833,7.1,0.1781,0.8,6.6,6,26,69,40,90.8,1.4,700,104.372,14.1088,0.06509908,6734,NaN,0.606,0.08196111,0.316684,12.02872,0.8023604,NaN,60.5691,20.74798,0.8833887,0.1177974,1.589235205,,,,,,,,,
54,51,9,4.2,8.208313,636.9498,768,11.6982,9175,572.4801,0.4,122.05,13.45,4.908333,0.1141,1.4,5.9,25,60,15,30,15.3,1,500,92.7964,17.9859,0.1966832,6055,1.735588,0.574,0.1548631,0.3232974,12.08874,7.396855,NaN,60.39452,16.02361,0.953659,0.04527363,1.435084525,,,,,,,,,
55,49.67,-103.86,8.91768,3.450854,1280.34,407,56.67012,3748,549.8335,0.4416667,150.8417,9.583333,-2.533333,0.2302,1.37,6.7,35,38,27,25,27,1.6,500,116.065,13.6509,0.1420159,3534,1.45847,0.284,0.05178475,NaN,NaN,NaN,NaN,79.00793,25.72742,0.9051098,0.1210632,2.188035823,,,,,,,,,
56,49.46608,-96.24147,5.15023622,2.293261,1333.639,610,53.08946,7154,582.9307,0.3083333,143.4583,8.533334,-3.058333,0.9999,0.38,6.1,66,23,9,55,479.2,0.7,300,81.8709,14.7406,0.1710864,5683,1.09326,0.488,0.07216169,0.3480004,10.35303,14.21833,1.171191,49.33558,14.34011,0.9578936,0.05109309,1.639042582,,,,,,,,,
57,49.27,-126.02,0.26,8.932384,403.4206,3158,54.91885,NaN,NaN,NaN,NaN,NaN,NaN,NaN,NaN,NaN,NaN,NaN,NaN,NaN,NaN,NaN,NaN,0,0,NaN,0,NaN,NaN,0.01065533,0.3740937,8.632744,NaN,NaN,NaN,NaN,0.8110639,0.2004876,-1.347073648,,,,,,,,,
58,49.27,-126.02,0.76,8.932384,403.4206,3158,54.91885,NaN,NaN,NaN,NaN,NaN,NaN,NaN,NaN,NaN,NaN,NaN,NaN,NaN,NaN,NaN,NaN,0,0,NaN,0,NaN,NaN,0.01065533,0.3740937,8.632744,NaN,NaN,NaN,NaN,0.8110639,0.2004876,-0.274436846,,,,,,,,,
59,49.2,-122.57,0.3,9.896754,569.5126,2101,50.88994,20632,499.1943,0.475,133.3667,15.05,6.425,0.8118,0.55,4.2,15,65,20,56,312.5,2,700,108.424,18.0735,NaN,0,NaN,0.551,0.03754719,0.3176115,11.17979,11.05641,1.263722,54.40945,15.60988,0.8456022,0.1511637,-1.203972804,,,,,,,,,
60,49.2,-73.65,4.908195555,0.08596868,1263.587,971,31.51881,13569,421.7428,0.2333333,140.3167,6.1,-4.975,0.2993,0.78,4,73,17,10,28,114.3,5.3,800,266.411,52.8973,0.1961056,5164,1.327933,0.445,0.04937956,0.3572673,9.109367,14.48811,1.141033,75.65837,13.02543,0.9979819,0.004452972,1.59090637,,,,,,,,,
61,49,-96,1.08,2.905771,1346.678,529,67.18866,5750,607.8861,0.35,143.3917,9.733334,-3.066667,0.296,1.47,7.6,10,61,29,21,33.4,3.5,700,199.758,25.8931,0.175701,5088,1.627223,0.381,0.07037824,NaN,NaN,NaN,NaN,42.25921,14.28846,0.9028141,0.1093587,0.076961041,,,,,,,,,
62,48.6,-116.9,0.9,3.708135,775.2828,907,36.9262,9353,492.8853,0.4333333,151.925,8.716666,-2.308333,0.4236,1.04,5.8,46,37,14,36,33.4,6.9,2400,72.8265,23.7657,0.1508102,5000,2.009996,0.346,0.02455243,0.3326925,9.205045,14.30773,1.425513,50.52388,8.300404,0.9206008,0.07796277,-0.105360516,,,,,,,,,
63,48.42,-114.03,1.1,6.633021,858.7229,476,24.41818,3935,518.3325,0.6166667,155.6167,13.39167,0.5916666,0.1354,1.38,7,40,47,13,21,10.2,0.5,600,101.943,10.8702,0.1760418,3915,2.323346,0.333,0.02164403,0.2991565,12.59761,6.305126,1.339079,50.62779,9.909287,0.9636363,0.02403593,0.09531018,,,,,,,,,
64,48.42,-114.03,0.83,6.633021,858.7229,476,24.41818,3935,518.3325,0.6166667,155.6167,13.39167,0.5916666,0.1354,1.38,7,40,47,13,21,10.2,0.5,600,101.943,10.8702,0.1760418,3915,2.323346,0.333,0.02164403,0.2991565,12.59761,6.305126,1.339079,50.62779,9.909287,0.9636363,0.02403593,-0.186329578,,,,,,,,,
65,48.302222,-120.869167,0.549252,2.641698,730.4869,1272,56.24867,14385,367.0512,0.3916667,145.8,6.725,-2.716667,0.115,1.09,5.7,67,24,9,15,35.7,2.3,800,87.5361,27.4372,0.1539733,3301,2.269448,0.227,0.02103373,0.2706177,10.41454,14.98481,1.518449,48.39269,10.26956,0.9077991,0.07275696,-0.599197926,,,,,,,,,
66,48.302222,-120.869167,1.0731,2.641698,730.4869,1272,56.24867,14385,367.0512,0.3916667,145.8,6.725,-2.716667,0.115,1.09,5.7,67,24,9,15,35.7,2.3,800,87.5361,27.4372,0.1539733,3301,2.269448,0.227,0.02103373,0.2706177,10.41454,14.98481,1.518449,48.39269,10.26956,0.9077991,0.07275696,0.070551656,,,,,,,,,
67,47.341111,-120.864722,1.667466,6.38026,761.9114,769,70.73768,9053,421.7946,0.5666667,153.7667,12.5,1.25,0.0934,0.71,6.7,27,63,10,34,19.7,3.1,1000,204.693,43.4224,0.1351512,6970,2.093561,0.497,0.01977273,0.3572173,9.260377,14.79128,1.10604,59.50823,10.81454,0.8727393,0.1230808,0.511305109,,,,,,,,,
68,47.341111,-120.864722,0.576408,6.38026,761.9114,769,70.73768,9053,421.7946,0.5666667,153.7667,12.5,1.25,0.0934,0.71,6.7,27,63,10,34,19.7,3.1,1000,204.693,43.4224,0.1351512,6970,2.093561,0.497,0.01977273,0.3572173,9.260377,14.79128,1.10604,59.50823,10.81454,0.8727393,0.1230808,-0.550939536,,,,,,,,,
69,47.356667,-120.835833,0.321492,6.38026,761.9114,769,70.73768,9053,421.7946,0.5666667,153.7667,12.5,1.25,0.0934,0.71,6.7,27,63,10,34,19.7,3.1,1000,204.693,43.4224,0.1351512,6970,2.093561,0.497,0.01977273,0.3572173,9.260377,14.79128,1.10604,59.50823,10.81454,0.8727393,0.1230808,-1.134782619,,,,,,,,,
70,47.366944,-120.800833,0.173448,6.38026,761.9114,769,70.73768,9053,421.7946,0.5666667,153.7667,12.5,1.25,0.0934,0.71,6.7,27,63,10,34,19.7,3.1,1000,204.693,43.4224,0.1351512,6970,2.093561,0.497,0.01977273,0.3572173,9.260377,14.79128,1.10604,59.50823,10.81454,0.8727393,0.1230808,-1.751877436,,,,,,,,,
71,47.420556,-120.941111,0.16206,6.38026,761.9114,769,70.73768,9053,421.7946,0.5666667,153.7667,12.5,1.25,0.0934,0.71,6.7,27,63,10,34,19.7,3.1,1000,204.693,43.4224,0.1351512,6970,2.093561,0.497,0.01977273,0.3572173,9.260377,14.79128,1.10604,59.50823,10.81454,0.8727393,0.1230808,-1.819788642,,,,,,,,,
72,47.325,-120.850278,0.363102,6.38026,761.9114,769,70.73768,9053,421.7946,0.5666667,153.7667,12.5,1.25,0.0934,0.71,6.7,27,63,10,34,19.7,3.1,1000,204.693,43.4224,0.1351512,6970,2.093561,0.497,0.01977273,0.3572173,9.260377,14.79128,1.10604,59.50823,10.81454,0.8727393,0.1230808,-1.013071492,,,,,,,,,
73,47.325,-120.850278,0.338136,6.38026,761.9114,769,70.73768,9053,421.7946,0.5666667,153.7667,12.5,1.25,0.0934,0.71,6.7,27,63,10,34,19.7,3.1,1000,204.693,43.4224,0.1351512,6970,2.093561,0.497,0.01977273,0.3572173,9.260377,14.79128,1.10604,59.50823,10.81454,0.8727393,0.1230808,-1.084307098,,,,,,,,,
74,47.098056,-120.8425,0.791028,6.38026,761.9114,769,70.73768,9053,421.7946,0.5666667,153.7667,12.5,1.25,0.0934,0.71,6.7,27,63,10,34,19.7,3.1,1000,204.693,43.4224,0.1351512,6970,2.093561,0.497,0.01977273,0.3572173,9.260377,14.79128,1.10604,59.50823,10.81454,0.8727393,0.1230808,-0.234421914,,,,,,,,,
75,47,11,0.214,4.816854,642.4404,718,40.07499,8167,449.125,0.275,149.4417,5.583333,-1.108333,0.1075,1.04,5.7,82,11,6,32,28.9,2.2,700,46.9454,10.5241,0.1698363,6541,1.222287,0.305,0.09486245,0.3011012,10.46569,15.95905,1.521147,34.45855,7.700904,0.9493371,0.05123849,-1.541779264,,,,,,,,,
76,46.89,-113.46,0.26,4.857094,835.1957,388,28.4988,3168,441.3793,0.7166666,161.4,13.45,-1.933333,0.1476,1.38,6.8,44,39,18,20,15.3,1.8,500,126.463,12.1643,0.1693851,5277,1.36414,0.307,0.03335134,0.3236152,9.902988,16.64602,1.214887,56.31039,12.54673,0.9696413,0.03061082,-1.347073648,,,,,,,,,
77,46.356894,-123.268,10.79232,9.491697,456.5316,2079,62.23788,23118,621.382,0.4,138.2,14.9,4.958333,0.1364,1.41,7.6,52,34,14,21,8.6,0.9,600,129.547,23.2916,0.122245,8514,1.352524,0.765,0.03516701,0.3540224,9.307121,14.78213,1.103115,41.79652,9.728463,0.8562518,0.1616763,2.37883477,,,,,,,,,
78,46,-113,0.735,3.76626,808.2972,331,49.57702,2417,396.7182,0.6666667,163.6667,12.90833,-2.1,0.1541,1.35,6.9,49,34,17,25,18,1.2,500,480.492,48.2997,0.151132,4031,1.405345,0.235,0.03335134,0.305878,11.76592,17.48933,1.472082,54.81961,12.05551,0.9773276,0.02140833,-0.30788478,,,,,,,,,
79,44.6,-123.2,0.735,11.16166,531.2959,1308,71.73496,11002,613.5055,0.575,151.0917,17.70833,6.075,0.1961,1.34,6,18,67,15,26,22.6,2,1000,125.176,19.1322,0.1422604,5798,1.029898,0.58,0.03268518,0.3225462,11.63491,1.229661,NaN,39.78753,11.22517,0.938727,0.06466477,-0.30788478,,,,,,,,,
80,44.581361,-118.449961,2.51412,4.472448,710.9034,508,36.78295,4302,478.1316,0.65,172.175,13.225,-2.033333,0.1302,1.45,6.1,15,66,20,25,9.1,1.3,500,153.286,39.9099,0.1007149,5171,0.8546769,0.496,0.02146718,0.3721429,8.096262,14.78721,1.075684,54.52536,10.8739,0.9600447,0.04330521,0.921922842,,,,,,,,,
81,44.50444,-123.5525,5.241724443,10.02622,421.2896,2544,70.25018,24539,550.2304,0.4083333,148.6167,15.975,5.566667,0.2053,1.57,7,38,35,27,27,14,1.8,700,131.181,23.0618,0.1280821,9251,1.208937,0.784,0.01059721,0.3399747,10.1046,15.01607,1.045395,41.17213,9.975706,0.938727,0.06466477,1.656650536,,,,,,,,,
82,44.329754,-122.32812,2.430316,8.413198,565.7615,1846,64.1572,14543,523.3982,0.625,161.7583,15.625,3.441667,0.241,1.19,5.5,39,38,23,28,32.9,2.7,700,162.583,29.7027,0.1406826,7645,0.5684956,0.787,0.03268518,0.3798292,8.357069,13.96274,1.181376,56.11078,15.911,0.9326314,0.07137109,0.88802129,,,,,,,,,
83,44.2,-122.2,1.08,8.413198,565.7615,1846,64.1572,14543,523.3982,0.625,161.7583,15.625,3.441667,0.241,1.19,5.5,39,38,23,28,32.9,2.7,700,162.583,29.7027,0.1406826,7645,0.5684956,0.787,0.03268518,0.3798292,8.357069,13.96274,1.181376,56.11078,15.911,0.9326314,0.07137109,0.076961041,,,,,,,,,
84,44.22,-122.21,4.5,8.413198,565.7615,1846,64.1572,14543,523.3982,0.625,161.7583,15.625,3.441667,0.241,1.19,5.5,39,38,23,28,32.9,2.7,700,162.583,29.7027,0.1406826,7645,0.5684956,0.787,0.03268518,0.3798292,8.357069,13.96274,1.181376,56.11078,15.911,0.9326314,0.07137109,1.504077397,,,,,,,,,
85,44,-122,3.325,5.674281,661.3215,739,64.04704,5614,433.7995,0.6166667,170.0917,13.75,-0.7416667,0.1436,0.83,6.4,75,21,4,15,15.9,1.5,600,122.138,19.6755,0.1326255,6484,0.743991,0.524,0.03268518,0.3824288,7.863715,12.22749,1.117742,65.67487,15.23566,0.8980637,0.1001935,1.201469674,,,,,,,,,
86,44,-122,2.8,5.674281,661.3215,739,64.04704,5614,433.7995,0.6166667,170.0917,13.75,-0.7416667,0.1436,0.83,6.4,75,21,4,15,15.9,1.5,600,122.138,19.6755,0.1326255,6484,0.743991,0.524,0.03268518,0.3824288,7.863715,12.22749,1.117742,65.67487,15.23566,0.8980637,0.1001935,1.029619417,,,,,,,,,
87,43.8,-71.67,1.1,6.201469,1001.912,1069,12.15536,10617,610.2494,0.4416667,148.825,12.96667,0.5083333,0.2851,1.02,5,67,28,5,18,38.6,6.9,900,163.518,24.7821,0.2066762,7894,1.661466,0.593,0.07685639,0.3305222,13.79708,16.80489,1.253585,67.19786,16.70754,0.5874879,0.4246546,0.09531018,,,,,,,,,
88,42.5,-71.25,10,9.482864,920.172,1171,7.803022,10374,761.1638,0.5416667,152.9583,15.575,4.391667,0.1973,1.17,5.3,72,20,8,26,55.3,5.4,700,138.864,13.5136,NaN,9451,0.9267188,NaN,0.104728,0.3279814,12.94767,13.52365,1.155978,NaN,NaN,0.625936,0.3763018,2.302585093,,,,,,,,,
89,42.5,-72.2,0.2,8.122656,951.2266,1152,6.490455,10781,652.1514,0.5166667,152.025,14.70833,2.733333,0.1518,1,5.1,69,26,5,20,63.5,3.1,600,158.518,22.4999,0.1587712,9300,1.088017,0.585,0.104728,0.3277808,13.60612,16.03258,1.214658,65.79658,15.51245,0.6093743,0.3898635,-1.609437912,,,,,,,,,
90,42.3,-73.75,0.69,9.053187,972.8984,1017,13.58283,9140,680.1098,0.5833333,152.1083,15.89167,3.391667,0.0838,1.29,5.4,64,30,6,23,19.6,2,600,140.144,21.3906,0.1712709,9389,1.575046,0.543,0.1008194,0.3162169,13.88383,14.47233,1.368935,52.8114,13.55408,0.5800336,0.4252442,-0.371063681,,,,,,,,,
91,42.213891,-123.174218,9.77032,11.58299,598.1609,919,76.1484,5761,534.7505,0.875,171.8667,19.40833,4.308333,0.1466,1.49,6.1,64,26,10,20,18,1.6,300,114.119,15.8308,0.1250558,7716,1.208625,0.687,0.02097821,0.343212,9.541749,13.87602,1.135359,66.39855,13.73492,0.8495737,0.1448796,2.279349219,,,,,,,,,
92,42,-101,3.5,8.950125,1014.859,538,64.71539,3510,576.993,0.7083333,177.1917,16.8,1.716667,0.0273,1.85,6.5,96,1,3,14,4.5,0.5,300,48.115,6.67268,0.1238422,2405,1.117499,0.333,0.0806347,0.2746092,15.71407,19.2358,1.422625,84.23545,29.77852,0.6407657,0.3583205,1.252762968,,,,,,,,,
93,42,-72,0.6,8.951396,897.4689,1264,7.983246,11626,717.0424,0.4833333,154.7833,15.175,4.266667,0.1884,1.16,5.2,69,24,7,24,50.2,4.3,700,155.311,21.8611,NaN,12155,1.068607,0.623,0.104728,0.3255635,13.92954,17.37531,1.296918,54.59417,12.65225,0.6643387,0.3325164,-0.510825624,,,,,,,,,
94,42,-101,0.8,8.950125,1014.859,538,64.71539,3510,576.993,0.7083333,177.1917,16.8,1.716667,0.0273,1.85,6.5,96,1,3,14,4.5,0.5,300,48.115,6.67268,0.1238422,2405,1.117499,0.333,0.0806347,0.2746092,15.71407,19.2358,1.422625,84.23545,29.77852,0.6407657,0.3583205,-0.223143551,,,,,,,,,
95,42,-72,0.4,8.951396,897.4689,1264,7.983246,11626,717.0424,0.4833333,154.7833,15.175,4.266667,0.1884,1.16,5.2,69,24,7,24,50.2,4.3,700,155.311,21.8611,NaN,12155,1.068607,0.623,0.104728,0.3255635,13.92954,17.37531,1.296918,54.59417,12.65225,0.6643387,0.3325164,-0.916290732,,,,,,,,,
96,41.905,123.129,0.610553619,8.22226,1277.14,644,102.4252,5362,587.3375,0.6666667,166.9083,14.375,3.683333,0.0493,1.22,6.1,26,54,20,36,11.7,1.1,400,91.1488,17.4198,0.2305935,0,NaN,NaN,0.1232359,0.2402297,14.80283,4.203806,NaN,62.89812,19.16989,0.8205852,0.2049555,-0.493389161,,,,,,,,,
97,41.898,123.124,0.710731883,8.22226,1277.14,644,102.4252,5362,587.3375,0.6666667,166.9083,14.375,3.683333,0.0493,1.22,6.1,26,54,20,36,11.7,1.1,400,91.1488,17.4198,0.2305935,0,NaN,NaN,0.1232359,0.2402297,14.80283,4.203806,NaN,62.89812,19.16989,0.8205852,0.2049555,-0.341460019,,,,,,,,,
98,41.907,123.121,0.729589793,8.22226,1277.14,644,102.4252,5362,587.3375,0.6666667,166.9083,14.375,3.683333,0.0493,1.22,6.1,26,54,20,36,11.7,1.1,400,91.1488,17.4198,0.2305935,0,NaN,NaN,0.1232359,0.2402297,14.80283,4.203806,NaN,62.89812,19.16989,0.8205852,0.2049555,-0.31527283,,,,,,,,,
99,41.8,-123.2,0.84,9.398656,581.2832,1109,76.43132,8748,475.1637,0.6583334,175.2417,16.275,1.2,0.08859999,1.49,6.1,55,32,13,21,24.7,0.8,200,37.149,11.2057,0.1283152,9487,1.282295,0.735,0.02097821,0.379809,8.380339,14.28502,1.125508,57.18527,10.91832,0.8501103,0.1466294,-0.174353387,,,,,,,,,
100,41.832,123.351,0.157864358,8.22226,1277.14,644,102.4252,5362,587.3375,0.6666667,166.9083,14.375,3.683333,0.0493,1.22,6.1,26,54,20,36,11.7,1.1,400,91.1488,17.4198,0.2305935,0,NaN,NaN,0.1232359,0.2402297,14.80283,4.203806,NaN,62.89812,19.16989,0.8205852,0.2049555,-1.846019108,,,,,,,,,
101,41.832,123.351,0.387343268,8.22226,1277.14,644,102.4252,5362,587.3375,0.6666667,166.9083,14.375,3.683333,0.0493,1.22,6.1,26,54,20,36,11.7,1.1,400,91.1488,17.4198,0.2305935,0,NaN,NaN,0.1232359,0.2402297,14.80283,4.203806,NaN,62.89812,19.16989,0.8205852,0.2049555,-0.948443982,,,,,,,,,
102,41.776,123.295,1.788366783,8.22226,1277.14,644,102.4252,5362,587.3375,0.6666667,166.9083,14.375,3.683333,0.0493,1.22,6.1,26,54,20,36,11.7,1.1,400,91.1488,17.4198,0.2305935,0,NaN,NaN,0.1232359,0.2402297,14.80283,4.203806,NaN,62.89812,19.16989,0.8205852,0.2049555,0.581302792,,,,,,,,,
103,41.7,-112.87,16,9.016729,953.4075,311,19.04008,1806,348.8581,1.025,187.2417,17.95833,2.15,0.1204,1.24,8.5,12,71,17,18,9.2,0.9,500,91.4182,11.4897,0.08998671,1222,0.7573019,0.159,0.01868518,0.2607164,12.20793,17.26046,1.665928,93.87055,30.36678,0.5351478,0.4813337,2.772588722,,,,,,,,,
104,41.721,123.494,0.632285783,8.22226,1277.14,644,102.4252,5362,587.3375,0.6666667,166.9083,14.375,3.683333,0.0493,1.22,6.1,26,54,20,36,11.7,1.1,400,91.1488,17.4198,0.2305935,0,NaN,NaN,0.1232359,0.2402297,14.80283,4.203806,NaN,62.89812,19.16989,0.8205852,0.2049555,-0.458413799,,,,,,,,,
105,41.5,-83.8,1.3,9.723469,996.7906,874,23.55706,7672,723.0718,0.525,153.7417,15.58333,4.933333,0.2097,1.68,6.6,29,34,37,24,23.8,5.6,500,114.56,15.3615,0.1843014,4650,2.54393,0.398,0.1260197,NaN,NaN,NaN,NaN,71.09588,24.9233,0.4479532,0.5442557,0.262364264,,,,,,,,,
106,41.17,-113,34.70945016,10.0699,882.1807,294,20.85181,1767,NaN,0.9583333,192.9333,17.18333,3.475,NaN,NaN,NaN,NaN,NaN,NaN,NaN,NaN,NaN,NaN,82.595,19.3791,0.08582494,0,NaN,NaN,0.02101197,NaN,NaN,NaN,NaN,NaN,NaN,0.5351478,0.4813337,3.547011989,,,,,,,,,
107,41,-87,5,10.17912,1008.541,948,25.18116,8261,740.5815,0.5166667,157.175,16.24167,5.058333,0.1095,1.43,6.4,39,46,15,19,14.4,1.5,400,75.3572,8.61503,0.1677308,5436,2.310298,0.409,0.1307751,0.3137667,10.63972,NaN,NaN,66.61674,24.00702,0.5537475,0.4332279,1.609437912,,,,,,,,,
108,40.8,-106,0.2,1.543625,689.688,553,22.61284,4726,524.0936,0.4916667,181.3667,9.941667,-5.125,0.1176,1.46,6.8,63,25,12,20,13.2,1.6,400,116.269,32.8224,0.1943367,5416,1.724696,0.418,0.05905563,0.3620241,7.503968,14.68216,1.105753,61.06095,11.53691,0.9747285,0.0228939,-1.609437912,,,,,,,,,
109,40.13,-123.19,0.28,9.713177,552.9044,1370,83.28163,11552,486.1248,0.725,182.2417,17.30833,2.333333,0.1156,1.39,6.4,43,39,18,21,21.6,0.6,100,76.6684,16.2823,0.1404638,12989,1.320609,0.71,0.02070773,0.3804746,8.197317,14.57012,1.207227,49.70405,9.880044,0.6150721,0.3671207,-1.272965676,,,,,,,,,
110,40,-105.16,1.59,7.839,786.538,469,42.06278,2860,739.6307,0.85,190.25,17.03333,0.03333334,0.1101,1.42,6.7,70,18,11,19,14.4,1.5,400,131.673,26.0645,0.14718,0,NaN,0.329,0.05378618,0.3227393,11.42801,13.70209,1.395212,58.05302,14.23371,0.979929,0.02277711,0.463734016,,,,,,,,,
111,40,-105.2666,1.604606776,7.839,786.538,469,42.06278,2860,739.6307,0.85,190.25,17.03333,0.03333334,0.1101,1.42,6.7,70,18,11,19,14.4,1.5,400,131.673,26.0645,0.14718,0,NaN,0.329,0.05378618,0.3227393,11.42801,13.70209,1.395212,58.05302,14.23371,0.979929,0.02277711,0.472878727,,,,,,,,,
112,39.89,3.09,8.920660833,16.10763,536.659,692,47.78442,NaN,752.3587,0.675,183.9917,21.13333,13.29167,NaN,NaN,NaN,NaN,NaN,NaN,NaN,NaN,NaN,NaN,0,0,NaN,0,NaN,0.481,0.04791613,0.3164757,11.72768,6.988815,1.290238,NaN,NaN,0.9565842,0.04375567,2.188370028,,,,,,,,,
113,39.08333,-96.58333,2.842179639,12.20271,1034.393,860,53.54715,5579,692.5745,0.7416667,178.8917,19.24167,6.15,0.219,1.59,7,18,50,32,27,16.4,1.3,500,182.744,31.0142,0.1587261,1655,2.137856,0.448,0.08510995,0.2929736,16.95242,17.56056,1.537344,89.56061,29.50111,0.3785659,0.6197484,1.044571236,,,,,,,,,
114,38.7,-83.4,4.6,11.54573,874.8846,1092,16.69171,9308,798.1658,0.575,159.5167,17.90833,5.875,0.1732,1.35,7.5,17,63,20,26,10.8,1.3,400,99.4936,16.7433,0.1332209,4571,1.857314,0.639,0.1220651,0.3319104,15.08065,17.7197,1.276723,71.1763,18.4396,0.2795129,0.6903824,1.526056303,,,,,,,,,
115,38.7,-83.4,8.2,11.54573,874.8846,1092,16.69171,9308,798.1658,0.575,159.5167,17.90833,5.875,0.1732,1.35,7.5,17,63,20,26,10.8,1.3,400,99.4936,16.7433,0.1332209,4571,1.857314,0.639,0.1220651,0.3319104,15.08065,17.7197,1.276723,71.1763,18.4396,0.2795129,0.6903824,2.104134154,,,,,,,,,
116,38.52,-121.73,2.1,16.43213,634.1224,469,89.77167,2538,582.5519,1.2,195.1167,24.24167,9.575,0.2079,1.42,6.9,19,60,21,26,14.5,1.5,400,109.049,18.7338,0.1053158,4796,1.312304,0.398,0.02882408,0.2944917,20.58455,NaN,NaN,51.92142,16.16611,0.8878224,0.1304202,0.741937345,,,,,,,,,
117,38.4,-109.8,5.2,12.46442,994.3021,230,26.73119,1152,153.5024,1.383333,205.6083,21.41667,4.616667,0.1491,1.41,7.9,50,28,19,35,3.2,0.5,600,50.8793,6.62998,0.08579515,1166,0.5361896,0.181,0.02374772,0.2637108,14.83198,20.39829,1.593901,89.69189,19.2942,0.5698294,0.4232579,1.648658626,,,,,,,,,
118,37.53,-111,1.68,13.20952,987.5858,175,32.31324,812,135.8809,1.475,207.8167,21.79167,6.35,0.0664,1.53,8.1,78,15,7,21,6.1,0.7,500,34.6272,7.73645,0.08555245,939,0.5928479,0.13,0.03536768,0.2791296,15.34609,20.70155,1.666724,72.55326,13.16843,0.6842191,0.2928156,0.518793793,,,,,,,,,
119,37.533333,105.033333,37,9.001781,1109.107,195,96.43945,1241,186.5805,0.925,184.7917,16.03333,2.5,0.072,1.24,8.4,36,49,15,20,5.2,0.5,600,61.1247,7.52796,0.1991642,824,0.7975509,0.12,0.100035,0.233732,8.352537,20.64628,1.370933,91.3768,26.37548,0.6273183,0.2923414,3.610917913,,,,,,,,,
120,37.08,-105.26,0.345,1.825188,765.7716,598,35.57669,5089,572.1002,0.4166667,198.15,9.008333,-6.025,0.1003,1.49,6.4,68,20,12,21,6.8,1.6,300,100.481,27.3922,0.1346849,0,1.42969,0.346,0.05096901,0.3239041,9.115805,16.10061,1.458948,59.48271,13.74131,0.9239161,0.07804894,-1.064210862,,,,,,,,,
121,36.85,109.32,23.18261614,9.309354,1028.157,490,94.29822,3548,542.7845,0.85,180.9083,16.36667,3.975,0.0623,1.19,8.2,37,47,16,31,4.8,0.6,1200,72.452,9.87847,0.1741427,2081,0.9736568,0.343,0.1507768,0.2908112,12.93794,16.59978,1.404427,59.21596,15.91086,0.7891146,0.1843929,3.143402693,,,,,,,,,
122,36.82,-115.92,27.53268,13.92466,840.56,170,38.01511,778,139.0379,1.558333,227.0083,22.35,7.45,0.0551,1.4,8.5,68,23,8,24,2.2,0.6,500,35.8571,5.17848,0.09391487,0,NaN,NaN,0.02279255,0.2676028,13.69973,20.61907,1.639538,76.25136,12.95954,0.6950001,0.3010389,3.315373663,,,,,,,,,
123,36.82,-115.92,15.19840421,13.92466,840.56,170,38.01511,778,139.0379,1.558333,227.0083,22.35,7.45,0.0551,1.4,8.5,68,23,8,24,2.2,0.6,500,35.8571,5.17848,0.09391487,0,NaN,NaN,0.02279255,0.2676028,13.69973,20.61907,1.639538,76.25136,12.95954,0.6950001,0.3010389,2.721190436,,,,,,,,,
124,36,-105,0.765,10.04091,770.1882,434,70.09457,2262,518.4576,0.95,214.3667,19.65833,1.883333,0.1219,1.51,7.6,67,20,12,19,5.6,1.2,500,66.4287,8.82995,0.1114957,1565,1.302381,0.228,0.06144881,0.2741506,11.39717,19.41732,1.221025,87.85002,22.6762,0.7931957,0.2041796,-0.267879445,,,,,,,,,
125,36,-112,12.35,9.24077,799.4151,357,39.1013,1839,290.5062,1.025,216.075,18.275,2.675,0.1248,1.45,7.8,43,39,18,19,4.9,0.7,500,122.201,14.5343,0.1338187,1181,1.195345,0.168,0.03947359,0.2846628,9.461912,20.16857,1.421619,81.93678,13.51391,0.6159718,0.3784264,2.513656063,,,,,,,,,
126,36,109,8.5,10.09593,985.707,541,84.66448,4137,625.498,0.7666667,177.35,16.45,5.583333,0.0829,1.19,8.3,28,53,19,28,5.3,0.7,700,75.2396,10.6624,0.1832925,3336,1.12416,0.459,0.2125198,0.2920663,13.5715,12.56692,1.467652,62.14729,20.69211,0.8091375,0.1601678,2.140066163,,,,,,,,,
127,35.97,-79.08,0.2458536,14.9058,779.102,1176,12.38615,8373,859.5219,0.8166667,177.2917,22.2,9.483334,0.0496,1.57,5.1,76,17,7,20,9.3,1.2,400,68.8184,12.2293,0.1227801,7361,2.891433,0.707,0.09873906,0.330757,14.28673,17.38903,1.331808,61.19246,21.1171,0.6000944,0.3597504,-1.403019042,,,,,,,,,
128,35,-83.4,1.22,14.64376,728.6487,1619,10.14377,11815,763.9545,0.7333333,181.4917,21.78333,9.033334,0.0906,1.49,5.4,65,22,12,24,13.7,1.7,500,39.4154,8.30332,0.1330472,6280,2.081473,0.713,0.0887213,0.3348845,13.81526,17.18422,1.396513,46.98574,10.91051,0.6378971,0.3239049,0.198850859,,,,,,,,,
129,35,-83.4,0.63,14.64376,728.6487,1619,10.14377,11815,763.9545,0.7333333,181.4917,21.78333,9.033334,0.0906,1.49,5.4,65,22,12,24,13.7,1.7,500,39.4154,8.30332,0.1330472,6280,2.081473,0.713,0.0887213,0.3348845,13.81526,17.18422,1.396513,46.98574,10.91051,0.6378971,0.3239049,-0.46203546,,,,,,,,,
130,35,-83.4,8.53,14.64376,728.6487,1619,10.14377,11815,763.9545,0.7333333,181.4917,21.78333,9.033334,0.0906,1.49,5.4,65,22,12,24,13.7,1.7,500,39.4154,8.30332,0.1330472,6280,2.081473,0.713,0.0887213,0.3348845,13.81526,17.18422,1.396513,46.98574,10.91051,0.6378971,0.3239049,2.143589362,,,,,,,,,
131,35.05,-83.43,1,11.69614,711.5205,1733,10.4763,15756,676.2429,0.4916667,176.075,17.36667,5.15,0.126,1.45,5.4,51,35,14,24,23.2,2.3,600,80.645,15.5949,0.126434,5375,1.786327,0.675,0.0887213,0.3266346,14.07509,17.60918,1.468983,60.71732,14.88717,0.5737348,0.3862002,0,,,,,,,,,
132,35.058,-83.43,0.887,11.69614,711.5205,1733,10.4763,15756,676.2429,0.4916667,176.075,17.36667,5.15,0.126,1.45,5.4,51,35,14,24,23.2,2.3,600,80.645,15.5949,0.126434,5375,1.786327,0.675,0.0887213,0.3266346,14.07509,17.60918,1.468983,60.71732,14.88717,0.5737348,0.3862002,-0.119910297,,,,,,,,,
133,35,-83.4,1.66,14.64376,728.6487,1619,10.14377,11815,763.9545,0.7333333,181.4917,21.78333,9.033334,0.0906,1.49,5.4,65,22,12,24,13.7,1.7,500,39.4154,8.30332,0.1330472,6280,2.081473,0.713,0.0887213,0.3348845,13.81526,17.18422,1.396513,46.98574,10.91051,0.6378971,0.3239049,0.506817602,,,,,,,,,
134,34.76,-76.85,26,17.05898,708.6631,1437,23.88543,9554,1322.69,0.7416667,177.5,22.80833,12.83333,0.079,1.45,5.1,56,31,13,24,17.2,2.2,400,31.7805,6.9904,NaN,0,NaN,NaN,0.08631244,0.3321303,11.85834,7.885806,1.225443,NaN,NaN,0.5158001,0.4795998,3.258096538,,,,,,,,,
135,34.6,-82.8,3.7,15.44188,757.0823,1420,11.27304,9741,785.9445,0.8083333,182.625,22.35,9.941667,0.0647,1.48,5.5,52,29,18,19,7.2,1.6,400,35.1808,7.54642,0.1435615,7588,1.746953,0.661,0.0887213,0.3157607,14.67758,17.25886,1.497448,43.01631,12.47991,0.6324274,0.318196,1.30833282,,,,,,,,,
136,33.26,-111.94,4.6,21.5038,792.2878,240,47.31505,890,185.2205,2.3,223.2917,30.36667,13.94167,0.0809,1.53,8.2,52,30,18,22,3,0.4,700,60.2237,8.53195,0.1049962,1688,0.6346275,0.222,0.03789646,0.2792239,13.58407,15.86354,1.288682,95.33981,18.31241,0.401322,0.4111624,1.526056303,,,,,,,,,
137,32.92,-107.2,11.83834109,15.56147,782.2734,272,77.12298,1148,247.7039,1.558333,227.95,25.75,7.533333,0.0395,1.42,5.5,73,19,8,21,9,0.7,500,51.4505,7.27217,0.0990737,1039,0.3870454,0.226,0.05209968,0.2390482,10.08068,18.1063,1.39862,76.18795,15.18461,0.6895036,0.2768531,2.471343509,,,,,,,,,
138,32.75,-113.65,2.6,22.72185,800.6871,120,50.8382,434,79.50917,2.316667,227.15,30.61667,16.59167,0.0704,1.56,7.8,68,21,11,12,3.4,0.3,800,35.5962,4.31357,0.1120465,0,NaN,NaN,0.03155535,0.2488823,15.0328,9.510599,NaN,61.5598,8.509936,0.2708754,0.03585002,0.955511445,,,,,,,,,
139,32.52,-106.71,0.67,14.80191,783.1675,283,72.15368,1217,250.7144,1.475,229.4,24.83333,6.758333,0.0678,1.56,7.8,78,15,8,19,2.3,0.3,800,33.0681,4.91533,0.09456512,1058,0.6771363,0.169,0.05209968,0.2495888,9.537382,20.43663,1.278894,90.72389,14.44248,0.6808884,0.261247,-0.400477567,,,,,,,,,
140,32.53,-106.72,4.7,14.80191,783.1675,283,72.15368,1217,250.7144,1.475,229.4,24.83333,6.758333,0.0678,1.56,7.8,78,15,8,19,2.3,0.3,800,33.0681,4.91533,0.09456512,1058,0.6771363,0.169,0.05209968,0.2495888,9.537382,20.43663,1.278894,90.72389,14.44248,0.6808884,0.261247,1.547562509,,,,,,,,,
141,32.12,-109.9,2.5,16.10188,733.3731,346,72.84882,1387,254.7464,1.658333,224.0417,26.25833,8.258333,0.09429999,1.51,5.3,60,30,10,26,6.2,1.4,500,56.5793,8.1035,0.1053645,1092,0.9952783,0.232,0.04733674,0.2418868,10.77386,19.35623,1.288955,91.54718,14.27092,0.5200385,0.3647852,0.916290732,,,,,,,,,
142,31.77,114.01,6.643,15.18383,891.2009,1132,58.96617,9335,899.9255,0.7,164.575,20.10833,11.775,0.1476,1.33,6.4,40,42,18,37,13.9,1.3,600,46.9397,10.2021,0.1640463,2776,2.239139,0.544,0.2061745,0.3138719,15.93804,7.276434,NaN,60.87665,19.83145,0.7281698,0.2638704,1.893563669,,,,,,,,,
143,31.8,-110.81,3,15.60739,649.8295,559,74.91254,2430,403.4176,1.45,223.225,23.91667,9.275,0.3862,1.8,8,23,29,48,32,12.3,2,400,70.4458,10.9261,0.1423105,874,0.8114347,0.288,0.03438509,0.2842703,13.30068,17.89087,1.406567,93.02654,15.03558,0.1884662,0.05180283,1.098612289,,,,,,,,,
144,30.9,34.4,11,19.54498,574.741,117,98.93478,543,91.02766,1.383333,231.8667,25.84167,15.025,0.1617,1.34,7.9,40,41,18,27,12.5,0.6,NaN,92.773,33.1909,0.1138577,0,NaN,NaN,0.02828563,NaN,NaN,0,NaN,NaN,NaN,0.7510769,0.1391331,2.397895273,,,,,,,,,
145,25.378333,-80.674722,1.260869565,24.39421,325.5516,1281,62.49578,6772,1215.811,0.975,208.05,29.49167,20.31667,0.1536,1.08,8.1,8,66,22,33,59.9,2,800,255.165,87.5039,NaN,4674,1.723041,0.482,0.02860304,0.3209423,10.26914,8.010512,1.141826,NaN,NaN,0.3388054,0.6441391,0.231801614,,,,,,,,,
146,25.3825,-80.7,2.080745342,24.39421,325.5516,1281,62.49578,6772,1215.811,0.975,208.05,29.49167,20.31667,0.1536,1.08,8.1,8,66,22,33,59.9,2,800,255.165,87.5039,NaN,4674,1.723041,0.482,0.02860304,0.3209423,10.26914,8.010512,1.141826,NaN,NaN,0.3388054,0.6441391,0.732726167,,,,,,,,,
147,24.733333,107.85,0.620754667,18.67067,658.5734,1422,71.30848,11805,894.0867,0.5833333,166.0083,22.05,14.5,0.1485,1.22,7.1,26,51,24,30,16.8,1.5,800,87.9857,10.3403,0.1568554,7500,1.406655,0.721,0.1202607,0.3173771,11.3186,16.83181,1.159054,48.76734,15.36042,0.6356784,0.3070234,-0.476819336,,,,,,,,,
148,24.733333,107.85,0.23,18.67067,658.5734,1422,71.30848,11805,894.0867,0.5833333,166.0083,22.05,14.5,0.1485,1.22,7.1,26,51,24,30,16.8,1.5,800,87.9857,10.3403,0.1568554,7500,1.406655,0.721,0.1202607,0.3173771,11.3186,16.83181,1.159054,48.76734,15.36042,0.6356784,0.3070234,-1.46967597,,,,,,,,,
149,24.733333,107.85,0.846666667,18.67067,658.5734,1422,71.30848,11805,894.0867,0.5833333,166.0083,22.05,14.5,0.1485,1.22,7.1,26,51,24,30,16.8,1.5,800,87.9857,10.3403,0.1568554,7500,1.406655,0.721,0.1202607,0.3173771,11.3186,16.83181,1.159054,48.76734,15.36042,0.6356784,0.3070234,-0.166448207,,,,,,,,,
150,24.37,113.08,3.796,20.5079,651.524,1725,66.91206,13509,983.1406,0.775,165.2167,25.09167,16.725,0.1472,1.21,5,42,38,21,30,13.7,0.9,300,30.9938,5.609,0.1816933,4340,1.472753,0.658,0.1271552,0.3133316,12.0722,15.90212,1.167045,47.70907,16.19077,0.6231477,0.3629093,1.333947881,,,,,,,,,
151,23.57,58.12,20.99339256,27.37546,494.6064,88,85.82435,NaN,NaN,NaN,NaN,NaN,NaN,NaN,NaN,NaN,NaN,NaN,NaN,NaN,NaN,NaN,NaN,0,0,0.1289582,0,NaN,NaN,0.0212478,NaN,NaN,NaN,NaN,NaN,NaN,0.6983081,0.1716771,3.044207748,,,,,,,,,
152,23.57,58.11,10.28248099,27.37546,494.6064,88,85.82435,NaN,NaN,NaN,NaN,NaN,NaN,NaN,NaN,NaN,NaN,NaN,NaN,NaN,NaN,NaN,NaN,0,0,0.1289582,0,NaN,NaN,0.0212478,NaN,NaN,NaN,NaN,NaN,NaN,0.6983081,0.1716771,2.330441572,,,,,,,,,
153,23.56,58.1,5.998113912,27.37546,494.6064,88,85.82435,NaN,NaN,NaN,NaN,NaN,NaN,NaN,NaN,NaN,NaN,NaN,NaN,NaN,NaN,NaN,NaN,0,0,0.1289582,0,NaN,NaN,0.0212478,NaN,NaN,NaN,NaN,NaN,NaN,0.6983081,0.1716771,1.791445072,,,,,,,,,
154,23.55,58.1,4.712797656,27.37546,494.6064,88,85.82435,NaN,NaN,NaN,NaN,NaN,NaN,NaN,NaN,NaN,NaN,NaN,NaN,NaN,NaN,NaN,NaN,0,0,0.1289582,0,NaN,NaN,0.0212478,NaN,NaN,NaN,NaN,NaN,NaN,0.6983081,0.1716771,1.550281714,,,,,,,,,
155,23.17,112.17,6.682771005,21.54503,585.3323,1759,66.76701,13640,1038.895,0.8,169.5,25.94167,18.40833,0.061,1.2,5.2,28,43,29,34,15.2,1.2,200,81.4352,12.6848,0.1856243,10183,1.174962,0.719,0.1271552,0.3310391,10.23225,15.64803,1.061078,46.91754,15.1459,0.5202819,0.4483555,1.899532723,,,,,,,,,
156,23.17,112.17,0.904681342,21.54503,585.3323,1759,66.76701,13640,1038.895,0.8,169.5,25.94167,18.40833,0.061,1.2,5.2,28,43,29,34,15.2,1.2,200,81.4352,12.6848,0.1856243,10183,1.174962,0.719,0.1271552,0.3310391,10.23225,15.64803,1.061078,46.91754,15.1459,0.5202819,0.4483555,-0.100172506,,,,,,,,,
157,23.17,112.17,0.587756192,21.54503,585.3323,1759,66.76701,13640,1038.895,0.8,169.5,25.94167,18.40833,0.061,1.2,5.2,28,43,29,34,15.2,1.2,200,81.4352,12.6848,0.1856243,10183,1.174962,0.719,0.1271552,0.3310391,10.23225,15.64803,1.061078,46.91754,15.1459,0.5202819,0.4483555,-0.531443057,,,,,,,,,
158,23.17,112.17,4.825,21.54503,585.3323,1759,66.76701,13640,1038.895,0.8,169.5,25.94167,18.40833,0.061,1.2,5.2,28,43,29,34,15.2,1.2,200,81.4352,12.6848,0.1856243,10183,1.174962,0.719,0.1271552,0.3310391,10.23225,15.64803,1.061078,46.91754,15.1459,0.5202819,0.4483555,1.573810735,,,,,,,,,
159,23.17,112.17,2.73,21.54503,585.3323,1759,66.76701,13640,1038.895,0.8,169.5,25.94167,18.40833,0.061,1.2,5.2,28,43,29,34,15.2,1.2,200,81.4352,12.6848,0.1856243,10183,1.174962,0.719,0.1271552,0.3310391,10.23225,15.64803,1.061078,46.91754,15.1459,0.5202819,0.4483555,1.004301609,,,,,,,,,
160,23.17,112.17,0.194,21.54503,585.3323,1759,66.76701,13640,1038.895,0.8,169.5,25.94167,18.40833,0.061,1.2,5.2,28,43,29,34,15.2,1.2,200,81.4352,12.6848,0.1856243,10183,1.174962,0.719,0.1271552,0.3310391,10.23225,15.64803,1.061078,46.91754,15.1459,0.5202819,0.4483555,-1.63989712,,,,,,,,,
161,22.57,112.83,4.05,21.4665,558.8018,1899,68.95802,14673,1067.711,0.7,166.9667,24.95833,17.96667,0.1331,1.21,5.5,27,51,22,34,17,1.5,500,80.6053,12.6929,0.1484049,4781,1.403193,0.745,0.1271552,0.3179573,10.36556,15.92182,1.097492,59.04885,19.75149,0.3659256,0.6479648,1.398716881,,,,,,,,,
162,22.57,112.83,0.75,21.4665,558.8018,1899,68.95802,14673,1067.711,0.7,166.9667,24.95833,17.96667,0.1331,1.21,5.5,27,51,22,34,17,1.5,500,80.6053,12.6929,0.1484049,4781,1.403193,0.745,0.1271552,0.3179573,10.36556,15.92182,1.097492,59.04885,19.75149,0.3659256,0.6479648,-0.287682072,,,,,,,,,
163,22.57,112.83,0.7,21.4665,558.8018,1899,68.95802,14673,1067.711,0.7,166.9667,24.95833,17.96667,0.1331,1.21,5.5,27,51,22,34,17,1.5,500,80.6053,12.6929,0.1484049,4781,1.403193,0.745,0.1271552,0.3179573,10.36556,15.92182,1.097492,59.04885,19.75149,0.3659256,0.6479648,-0.356674944,,,,,,,,,
164,22.1,159.6,0.838127102,NaN,NaN,NaN,NaN,NaN,NaN,NaN,NaN,NaN,NaN,NaN,NaN,NaN,NaN,NaN,NaN,NaN,NaN,NaN,NaN,0,0,NaN,0,NaN,NaN,0.005536361,NaN,NaN,NaN,NaN,NaN,NaN,NaN,NaN,-0.176585517,,,,,,,,,
165,22.06936638,-159.5437763,1.926388889,NaN,NaN,NaN,NaN,NaN,NaN,NaN,NaN,NaN,NaN,NaN,NaN,NaN,NaN,NaN,NaN,NaN,NaN,NaN,NaN,0,0,NaN,0,NaN,NaN,0.008610634,NaN,NaN,NaN,NaN,NaN,NaN,0.1321959,0.8239169,0.655647208,,,,,,,,,
166,22.083333,-159.5,19.89638298,23.14792,147.6142,963,55.99201,NaN,NaN,NaN,NaN,NaN,NaN,NaN,NaN,NaN,NaN,NaN,NaN,NaN,NaN,NaN,NaN,0,0,NaN,0,NaN,NaN,0.008610634,NaN,NaN,NaN,NaN,NaN,NaN,0.1321959,0.8239169,2.990537955,,,,,,,,,
167,20,154.8,0.972558094,NaN,NaN,NaN,NaN,NaN,NaN,NaN,NaN,NaN,NaN,NaN,NaN,NaN,NaN,NaN,NaN,NaN,NaN,NaN,NaN,0,0,NaN,0,NaN,NaN,0.006270348,NaN,NaN,NaN,NaN,NaN,NaN,NaN,NaN,-0.027825469,,,,,,,,,
168,19.92317281,-155.3617672,1.155833333,16.12837,113.7687,2253,29.55264,16419,830.0198,0.4666667,198.925,22.3,14.04167,0.3711,0.68,4.9,29,42,28,41,86,3.9,1100,0,0,0.1740821,17587,2.079677,NaN,0.006004679,0.3527284,8.728773,15.01494,1.411053,56.21432,15.35867,0.1529654,0.7916881,0.144821584,,,,,,,,,
169,19.64,-155.61,0.6,16.87062,146.4595,1176,36.6811,6597,824.2421,0.4083333,212.775,20.075,11.51667,0.3308,0.97,5.7,53,33,13,32,119.9,6.5,NaN,0,0,0.1814995,1014,1.631182,NaN,0.006004679,0.3132122,9.102642,12.3657,1.204944,38.85625,11.99972,0.1529654,0.7916881,-0.510825624,,,,,,,,,
170,19.68889,-155.2778,4.430694444,16.12837,113.7687,2253,29.55264,16419,830.0198,0.4666667,198.925,22.3,14.04167,0.3711,0.68,4.9,29,42,28,41,86,3.9,1100,0,0,0.1740821,17587,2.079677,NaN,0.006004679,0.3527284,8.728773,15.01494,1.411053,56.21432,15.35867,0.1529654,0.7916881,1.488556331,,,,,,,,,
171,19.6,-155.4,2.55,16.12837,113.7687,2253,29.55264,16419,830.0198,0.4666667,198.925,22.3,14.04167,0.3711,0.68,4.9,29,42,28,41,86,3.9,1100,0,0,0.1740821,17587,2.079677,NaN,0.006004679,0.3527284,8.728773,15.01494,1.411053,56.21432,15.35867,0.1529654,0.7916881,0.936093359,,,,,,,,,
172,19.6,-155.33,2.5,16.12837,113.7687,2253,29.55264,16419,830.0198,0.4666667,198.925,22.3,14.04167,0.3711,0.68,4.9,29,42,28,41,86,3.9,1100,0,0,0.1740821,17587,2.079677,NaN,0.006004679,0.3527284,8.728773,15.01494,1.411053,56.21432,15.35867,0.1529654,0.7916881,0.916290732,,,,,,,,,
173,19.45,-155.15,0.3175,22.20012,134.0484,2132,28.91928,NaN,NaN,NaN,NaN,NaN,NaN,NaN,NaN,NaN,NaN,NaN,NaN,NaN,NaN,NaN,NaN,0,0,NaN,0,NaN,NaN,0.006004679,0.3162634,11.33943,2.28206,NaN,NaN,NaN,0.1529654,0.7916881,-1.147277461,,,,,,,,,
174,19.39957354,-155.2354722,5.008611111,22.20012,134.0484,2132,28.91928,NaN,NaN,NaN,NaN,NaN,NaN,NaN,NaN,NaN,NaN,NaN,NaN,NaN,NaN,NaN,NaN,0,0,NaN,0,NaN,NaN,0.006004679,0.3162634,11.33943,2.28206,NaN,NaN,NaN,0.1529654,0.7916881,1.611158653,,,,,,,,,
175,19.32,-155.35,0.325,22.20012,134.0484,2132,28.91928,NaN,NaN,NaN,NaN,NaN,NaN,NaN,NaN,NaN,NaN,NaN,NaN,NaN,NaN,NaN,NaN,0,0,NaN,0,NaN,NaN,0.006004679,0.3162634,11.33943,2.28206,NaN,NaN,NaN,0.1529654,0.7916881,-1.123930097,,,,,,,,,
176,19.25,-155.15,1.433333333,22.20012,134.0484,2132,28.91928,NaN,NaN,NaN,NaN,NaN,NaN,NaN,NaN,NaN,NaN,NaN,NaN,NaN,NaN,NaN,NaN,0,0,NaN,0,NaN,NaN,0.006004679,0.3162634,11.33943,2.28206,NaN,NaN,NaN,0.1529654,0.7916881,0.360002734,,,,,,,,,
177,19,155,2.449484302,NaN,NaN,NaN,NaN,NaN,NaN,NaN,NaN,NaN,NaN,NaN,NaN,NaN,NaN,NaN,NaN,NaN,NaN,NaN,NaN,0,0,NaN,0,NaN,NaN,0.006106118,NaN,NaN,NaN,NaN,NaN,NaN,NaN,NaN,0.895877513,,,,,,,,,
178,19,155,2.52434,NaN,NaN,NaN,NaN,NaN,NaN,NaN,NaN,NaN,NaN,NaN,NaN,NaN,NaN,NaN,NaN,NaN,NaN,NaN,NaN,0,0,NaN,0,NaN,NaN,0.006106118,NaN,NaN,NaN,NaN,NaN,NaN,NaN,NaN,0.925979642,,,,,,,,,
179,18.3,-65.8,10.35,24.18546,133.1771,2056,30.22611,14077,NaN,0.8333333,215.875,30,20.98333,0.1954,1.34,4.6,18,43,40,33,25.5,3.2,500,0,0,NaN,4818,2.086626,0.768,0.008039389,0.2963843,13.12701,15.67513,1.2038,NaN,NaN,0.06061433,0.7831754,2.33698652,,,,,,,,,
180,18.3,-65.8,2.213944,24.18546,133.1771,2056,30.22611,14077,NaN,0.8333333,215.875,30,20.98333,0.1954,1.34,4.6,18,43,40,33,25.5,3.2,500,0,0,NaN,4818,2.086626,0.768,0.008039389,0.2963843,13.12701,15.67513,1.2038,NaN,NaN,0.06061433,0.7831754,0.79477554,,,,,,,,,
181,18.3,-65.8,4.32744,24.18546,133.1771,2056,30.22611,14077,NaN,0.8333333,215.875,30,20.98333,0.1954,1.34,4.6,18,43,40,33,25.5,3.2,500,0,0,NaN,4818,2.086626,0.768,0.008039389,0.2963843,13.12701,15.67513,1.2038,NaN,NaN,0.06061433,0.7831754,1.464976143,,,,,,,,,
182,18.3,-65.8,1.29648,24.18546,133.1771,2056,30.22611,14077,NaN,0.8333333,215.875,30,20.98333,0.1954,1.34,4.6,18,43,40,33,25.5,3.2,500,0,0,NaN,4818,2.086626,0.768,0.008039389,0.2963843,13.12701,15.67513,1.2038,NaN,NaN,0.06061433,0.7831754,0.2596529,,,,,,,,,
183,18.31,-65.8,10.35,24.18546,133.1771,2056,30.22611,14077,NaN,0.8333333,215.875,30,20.98333,0.1954,1.34,4.6,18,43,40,33,25.5,3.2,500,0,0,NaN,4818,2.086626,0.768,0.008039389,0.2963843,13.12701,15.67513,1.2038,NaN,NaN,0.06061433,0.7831754,2.33698652,,,,,,,,,
184,16,-61.6,4.02,NaN,NaN,NaN,NaN,NaN,NaN,NaN,NaN,NaN,NaN,NaN,NaN,NaN,NaN,NaN,NaN,NaN,NaN,NaN,NaN,0,0,NaN,0,NaN,NaN,0.005590379,NaN,NaN,NaN,NaN,NaN,NaN,0.08409003,0.8133618,1.391281903,,,,,,,,,
185,13,2,3.5,28.92107,269.1509,621,129.3808,2221,512.2366,2.666667,243,36.125,22.65,0.1173,1.36,6.6,58,26,17,15,10.8,1,400,37.241,7.91845,0.1366673,1226,1.037327,0.28,0.0361876,0.264143,14.97744,6.548565,NaN,153.2654,53.03305,0.4244919,0.4220749,1.252762968,,,,,,,,,
186,10.42,-84.02,4.953333333,18.80812,66.84582,3476,38.33174,24262,1213.772,0.3333333,217.6333,20.975,12.28333,0.2743,0.69,5.3,20,23,57,55,64.4,4.7,1000,193.6,31.4763,0.1520744,11048,1.895769,0.759,0.01478131,0.328022,9.985862,16.46681,1.351795,58.47242,18.29011,0.04613392,0.8115695,1.600060751,,,,,,,,,
187,10,-84,3.5,18.29935,59.93726,3358,33.23675,21928,1189.409,0.2833333,217.8333,24.70833,14.41667,0.5352,0.91,4,18,48,34,37,114.7,7.2,500,237.734,42.267,0.164423,10960,2.35131,0.839,0.01478131,0.3442761,9.040288,16.18489,1.497595,57.13946,18.53919,0.03233521,0.820854,1.252762968,,,,,,,,,
188,9.561667,-83.740833,6,18.29935,59.93726,3358,33.23675,21928,1189.409,0.2833333,217.8333,24.70833,14.41667,0.5352,0.91,4,18,48,34,37,114.7,7.2,500,237.734,42.267,0.164423,10960,2.35131,0.839,0.01478131,0.3442761,9.040288,16.18489,1.497595,57.13946,18.53919,0.03233521,0.820854,1.791759469,,,,,,,,,
189,9.15,-79.83,0.289894162,26.21505,69.43291,2659,61.79959,17700,1280.901,0.5833333,223.2083,29.03333,22.91667,0.09299999,1.34,5.7,54,26,20,35,16.3,1.5,500,269.327,38.2894,0.1283353,10043,1.222484,0.827,0.02974753,0.313103,11.78418,15.94906,1.150456,60.54277,14.64662,0.07449143,0.8179302,-1.238239381,,,,,,,,,
190,9.15,-79.83,1.442110133,26.21505,69.43291,2659,61.79959,17700,1280.901,0.5833333,223.2083,29.03333,22.91667,0.09299999,1.34,5.7,54,26,20,35,16.3,1.5,500,269.327,38.2894,0.1283353,10043,1.222484,0.827,0.02974753,0.313103,11.78418,15.94906,1.150456,60.54277,14.64662,0.07449143,0.8179302,0.366107411,,,,,,,,,
191,8.716667,-83.616667,2.9318406,25.97426,76.41496,3306,64.73927,NaN,1153.496,NaN,NaN,NaN,NaN,NaN,NaN,NaN,NaN,NaN,NaN,NaN,NaN,NaN,NaN,0,0,NaN,0,NaN,NaN,0.007649395,0.3361572,10.47022,NaN,NaN,NaN,NaN,0.03502596,0.8543217,1.075630417,,,,,,,,,
192,8.71,-83.55,10,25.97426,76.41496,3306,64.73927,NaN,1153.496,NaN,NaN,NaN,NaN,NaN,NaN,NaN,NaN,NaN,NaN,NaN,NaN,NaN,NaN,0,0,NaN,0,NaN,NaN,0.007649395,0.3361572,10.47022,NaN,NaN,NaN,NaN,0.03502596,0.8543217,2.302585093,,,,,,,,,
193,8.71,-83.55,15,25.97426,76.41496,3306,64.73927,NaN,1153.496,NaN,NaN,NaN,NaN,NaN,NaN,NaN,NaN,NaN,NaN,NaN,NaN,NaN,NaN,0,0,NaN,0,NaN,NaN,0.007649395,0.3361572,10.47022,NaN,NaN,NaN,NaN,0.03502596,0.8543217,2.708050201,,,,,,,,,
194,8.43,-83.37,3.41,NaN,NaN,NaN,NaN,NaN,NaN,NaN,NaN,NaN,NaN,NaN,NaN,NaN,NaN,NaN,NaN,NaN,NaN,NaN,NaN,0,0,NaN,0,NaN,NaN,0.0155553,NaN,NaN,NaN,NaN,NaN,NaN,0.03502596,0.8543217,1.226712291,,,,,,,,,
195,8.43,-83.37,1.485,NaN,NaN,NaN,NaN,NaN,NaN,NaN,NaN,NaN,NaN,NaN,NaN,NaN,NaN,NaN,NaN,NaN,NaN,NaN,NaN,0,0,NaN,0,NaN,NaN,0.0155553,NaN,NaN,NaN,NaN,NaN,NaN,0.03502596,0.8543217,0.395414772,,,,,,,,,
196,8.43,-83.37,10,NaN,NaN,NaN,NaN,NaN,NaN,NaN,NaN,NaN,NaN,NaN,NaN,NaN,NaN,NaN,NaN,NaN,NaN,NaN,NaN,0,0,NaN,0,NaN,NaN,0.0155553,NaN,NaN,NaN,NaN,NaN,NaN,0.03502596,0.8543217,2.302585093,,,,,,,,,
197,8.24,-83.2,3.762,NaN,NaN,NaN,NaN,NaN,NaN,NaN,NaN,NaN,NaN,NaN,NaN,NaN,NaN,NaN,NaN,NaN,NaN,NaN,NaN,0,0,NaN,0,NaN,NaN,0.0155553,NaN,NaN,NaN,NaN,NaN,NaN,0.03502596,0.8543217,1.324950731,,,,,,,,,
198,8,83,2.936612795,NaN,NaN,NaN,NaN,NaN,NaN,NaN,NaN,NaN,NaN,NaN,NaN,NaN,NaN,NaN,NaN,NaN,NaN,NaN,NaN,0,0,NaN,0,NaN,NaN,0.02127022,NaN,NaN,NaN,NaN,NaN,NaN,NaN,NaN,1.077256807,,,,,,,,,
199,5.15,-52.55,0.45,25.8116,43.48396,2556,48.45536,13374,1510.957,0.6,216.05,30,22.275,0.1119,1.26,4.4,33,51,16,22,43.7,2,NaN,85.1196,29.5134,0.1438401,10217,1.990673,0.684,0.009236163,0.3147528,12.07915,9.582603,NaN,NaN,NaN,0.07066053,0.8387179,-0.798507696,,,,,,,,,
200,4.05,-52.41,0.67,25.63448,45.58559,3268,50.43387,20525,1350.722,0.625,208.5667,30.10833,21.45833,0.0968,1.36,4.6,59,6,35,45,9.7,1.3,400,107.008,18.1258,0.1459065,10308,1.754208,0.815,0.009236163,0.3290288,9.838495,16.61628,1.385486,73.85041,14.85808,0.06411122,0.8212723,-0.400477567,,,,,,,,,
201,4.033333,-52.666667,0.247,25.39289,44.95098,3045,48.65189,19227,1310.564,0.625,211.4667,30.09167,21.55,0.0968,1.36,4.6,59,6,35,45,9.7,1.3,400,125.556,20.6788,0.1541188,11066,1.731825,0.838,0.009236163,0.3212512,9.481658,16.28496,1.461862,77.94017,14.87386,0.06411122,0.8212723,-1.398366942,,,,,,,,,
202,4.033333,-52.666667,0.388,25.39289,44.95098,3045,48.65189,19227,1310.564,0.625,211.4667,30.09167,21.55,0.0968,1.36,4.6,59,6,35,45,9.7,1.3,400,125.556,20.6788,0.1541188,11066,1.731825,0.838,0.009236163,0.3212512,9.481658,16.28496,1.461862,77.94017,14.87386,0.06411122,0.8212723,-0.946749939,,,,,,,,,
203,4.033333,-52.666667,0.248,25.39289,44.95098,3045,48.65189,19227,1310.564,0.625,211.4667,30.09167,21.55,0.0968,1.36,4.6,59,6,35,45,9.7,1.3,400,125.556,20.6788,0.1541188,11066,1.731825,0.838,0.009236163,0.3212512,9.481658,16.28496,1.461862,77.94017,14.87386,0.06411122,0.8212723,-1.394326533,,,,,,,,,
204,4.033333,-52.666667,0.806,25.39289,44.95098,3045,48.65189,19227,1310.564,0.625,211.4667,30.09167,21.55,0.0968,1.36,4.6,59,6,35,45,9.7,1.3,400,125.556,20.6788,0.1541188,11066,1.731825,0.838,0.009236163,0.3212512,9.481658,16.28496,1.461862,77.94017,14.87386,0.06411122,0.8212723,-0.215671536,,,,,,,,,
205,4,-74,4.75,25.08526,70.57554,3300,46.89195,21945,1036.568,0.8833333,186.2667,29.96667,20.9,0.28,1.16,5.2,38,24,37,35,15.8,1.4,600,90.625,38.9836,0.154886,5909,1.830545,0.721,0.04500091,0.292742,13.70986,16.2685,1.329859,59.43308,22.34045,0.09217487,0.7539208,1.558144618,,,,,,,,,
206,4,79,0.318414797,NaN,NaN,NaN,NaN,NaN,NaN,NaN,NaN,NaN,NaN,NaN,NaN,NaN,NaN,NaN,NaN,NaN,NaN,NaN,NaN,0,0,NaN,0,NaN,NaN,0.01010496,NaN,NaN,NaN,NaN,NaN,NaN,NaN,NaN,-1.144400353,,,,,,,,,
207,1.93,-67.05,16.2,26.28056,46.76192,3463,25.72412,25611,1332.469,0.75,170.0583,33.01667,20.56667,0.0838,1.29,3.7,60,27,13,29,15.7,1.1,400,116.521,19.276,0.1697393,8783,0.6402875,0.819,0.02430037,0.3390923,9.35028,16.25388,1.150576,57.2787,11.56356,0.1852902,0.8312202,2.785011242,,,,,,,,,
208,1,-67,1,26.7439,34.53896,3007,22.01733,22223,1324.02,0.7583333,164.3667,31.96667,22.26667,0.0692,1.36,4.2,53,35,11,28,5.2,0.6,400,115.749,18.9245,0.1651158,10003,1.321905,0.838,0.02430037,0.3390099,9.630872,16.7647,1.139373,64.58736,12.40218,0.08630493,0.8883427,0,,,,,,,,,
209,1,-67,1,26.7439,34.53896,3007,22.01733,22223,1324.02,0.7583333,164.3667,31.96667,22.26667,0.0692,1.36,4.2,53,35,11,28,5.2,0.6,400,115.749,18.9245,0.1651158,10003,1.321905,0.838,0.02430037,0.3390099,9.630872,16.7647,1.139373,64.58736,12.40218,0.08630493,0.8883427,0,,,,,,,,,
210,1,-67,7.5,26.7439,34.53896,3007,22.01733,22223,1324.02,0.7583333,164.3667,31.96667,22.26667,0.0692,1.36,4.2,53,35,11,28,5.2,0.6,400,115.749,18.9245,0.1651158,10003,1.321905,0.838,0.02430037,0.3390099,9.630872,16.7647,1.139373,64.58736,12.40218,0.08630493,0.8883427,2.014903021,,,,,,,,,
211,-2.85,-54.966667,0.5626,25.81193,63.87405,1928,66.72198,14617,1461.314,0.625,175.1083,31.06667,21.725,0.0937,1.28,3.5,50,14,36,30,17.3,1,400,88.5827,13.8321,0.1490844,9728,1.442385,0.792,0.0220278,0.2936989,14.15973,16.52806,1.164765,64.44331,13.08747,0.02308622,0.8742815,-0.575186383,,,,,,,,,
212,-3.09,-79.08,1.2,17.34378,17.91214,672,68.28802,5026,957.9971,0.6,158.3583,24.96667,14.1,0.2339,1.54,7.6,41,27,32,47,12.4,1.2,900,127.788,18.6185,0.1538056,11530,1.188195,0.596,0.02571166,0.3016632,12.29417,16.99518,1.408382,64.32411,20.38765,0.08648957,0.7974181,0.182321557,,,,,,,,,
213,-4,-79,1.15,21.01775,29.29599,1403,20.65139,11959,1335.094,0.8583333,147.55,28.13333,16.86667,0.1787,0.89,5.3,47,41,12,55,48.7,3.8,NaN,86.1117,12.9855,0.1763047,18071,1.726663,0.838,0.02217502,0.3425406,9.370851,16.21136,1.506644,59.33369,18.67444,0.01090069,0.8987926,0.139761942,,,,,,,,,
214,-4.11,-79.17,1.15,18.90103,23.00576,867,70.43658,4677,1127.595,0.775,166.2917,26.06667,13.33333,0.2339,1.24,7.5,63,22,15,33,5.5,0.3,900,207.497,27.5854,0.1547937,10330,1.255994,0.657,0.02217502,0.3098374,12.0208,16.10002,1.335276,59.87273,21.36308,0.04469073,0.8357298,0.139761942,,,,,,,,,
215,-7,147,0.5,NaN,NaN,NaN,NaN,NaN,NaN,NaN,NaN,NaN,NaN,NaN,NaN,NaN,NaN,NaN,NaN,NaN,NaN,NaN,NaN,0,0,NaN,0,NaN,NaN,0.0106075,NaN,NaN,NaN,NaN,NaN,NaN,0.09021214,0.861884,-0.693147181,,,,,,,,,
216,-8.86,-63.47,6,25.36536,46.94191,2291,66.65691,18490,1442.163,0.6416667,162.7833,30.90833,20.78333,0.0937,1.28,3.5,50,14,36,30,17.3,1,400,91.0826,14.4614,0.1469868,12332,1.492036,0.828,0.02317812,0.3275935,10.35366,15.56446,0.9660978,64.43258,15.17424,0.0291249,0.8693146,1.791759469,,,,,,,,,
217,-10.5,-62.5,6,24.4607,54.9618,2001,70.1377,15534,1354.014,0.6916667,163.8,31,18.6,0.0489,1.42,5.1,60,21,19,26,8.1,1,600,53.5903,15.1123,0.1402854,9227,0.987816,0.678,0.02689275,0.2862525,15.41393,16.34611,1.303072,73.2831,30.20572,0.02723663,0.8440597,1.791759469,,,,,,,,,
218,-19,23,1.9,23.22292,353.9412,449,108.0151,1764,828.1851,1.925,236.7417,31.99167,16.13333,0.0769,1.35,7.3,84,6,10,24,8,0.5,NaN,143.351,57.0049,0.1460705,6519,0.7036952,0.454,0.02915016,0.2854424,13.32283,17.57854,1.293954,86.41351,27.43819,0.5880023,0.2707911,0.641853886,,,,,,,,,
219,-23.33,-44.83,15,20.53083,231.1398,2169,48.61789,16914,NaN,0.6,166.2583,26.875,16.74167,0.1804,1.16,4.5,20,22,58,42,25.1,1.6,400,77.2128,12.1681,0.1639358,17906,1.818974,0.833,0.02593881,0.3320174,10.3593,14.94803,1.065522,NaN,NaN,0.1857048,0.8954802,2.708050201,,,,,,,,,
220,-23.28,-45.05,9,17.30857,256.904,1567,64.31923,12944,934.5172,0.4166667,169.6917,23.29167,12.53333,0.1288,1.37,5.4,53,11,36,44,22.8,1.8,400,82.9186,13.046,0.151418,14703,1.26798,0.687,0.02593881,0.3097772,12.60821,16.65084,1.309606,74.91184,26.50294,0.06940619,0.8974558,2.197224577,,,,,,,,,
221,-33,116,1.2325,15.66482,424.6597,842,77.37467,4509,752.8193,0.9166667,222.1667,22.81667,8.866667,0.0581,1.31,5.5,61,22,17,18,9.1,0.7,300,185.792,35.6636,0.141903,15435,1.03073,0.607,0.006228622,0.3294468,10.7497,15.77891,1.257108,52.81677,14.60321,0.8676403,0.1225816,0.209044627,,,,,,,,,
222,-38,146,0.86,13.38257,386.359,1034,21.23193,8363,884.9858,0.5916666,178.1333,19.05,8.275,0.1019,0.89,5.9,29,33,39,30,12.4,1,400,73.0493,13.8013,0.1390088,18193,1.366096,0.788,0.02136503,0.3170571,11.54513,13.41942,1.078746,80.96387,22.38337,0.6183444,0.3672779,-0.15082289,,,,,,,,,
223,-38.4,177,5.5,11.54405,363.2556,1737,13.12313,15495,816.4899,0.4333333,168.1,16.81667,7.216667,0.1212,1.05,5.7,66,26,7,29,17.9,1,500,184.285,21.7095,NaN,17660,1.875548,0.81,0.009468618,0.350723,8.663663,14.58786,1.388196,69.00891,15.21864,0.1457072,0.8010923,1.704748092,,,,,,,,,
224,-38.68,-71.6,2,6.476562,421.5542,1749,65.56763,14999,729.3905,0.5083333,162.9333,13.56667,0.4,0.4562,0.72,4.9,10,51,40,55,128.9,5.5,1200,196.81,29.2667,0.1363799,0,NaN,0.285,0.01417055,0.3571529,9.118088,10.12092,1.074587,72.20329,20.69397,0.3335201,0.6198832,0.693147181,,,,,,,,,
225,-41,-73,2.381666667,10.88421,317.2519,1894,42.76656,19705,846.1,0.3833333,144.8,15.00833,6.225,0.717,0.72,4.9,10,51,40,55,128.9,5.5,1200,99.7974,14.8486,0.08988293,10267,1.968569,0.812,0.01334286,0.3366474,9.95476,8.192168,1.317571,62.62399,17.10424,0.3363555,0.6639332,0.867800523,,,,,,,,,
226,-41,-73,1.31,10.88421,317.2519,1894,42.76656,19705,846.1,0.3833333,144.8,15.00833,6.225,0.717,0.72,4.9,10,51,40,55,128.9,5.5,1200,99.7974,14.8486,0.08988293,10267,1.968569,0.812,0.01334286,0.3366474,9.95476,8.192168,1.317571,62.62399,17.10424,0.3363555,0.6639332,0.270027137,,,,,,,,,
227,-41.88,-73.67,5.9,10.86586,230.4088,2211,43.52103,NaN,NaN,NaN,NaN,NaN,NaN,NaN,NaN,NaN,NaN,NaN,NaN,NaN,NaN,NaN,NaN,93.1891,18.3719,0.1664775,0,NaN,NaN,0.002367775,0.3748391,8.390048,1.803169,NaN,NaN,NaN,0.2780669,0.689636,1.774952351,,,,,,,,,
228,-42.61889,-73.76833,6.692491988,9.95564,260.3717,2207,39.32607,30662,642.0336,0.2083333,135.4167,12.81667,7.133333,0.717,0.72,4.9,10,51,40,55,128.9,5.5,1200,202.705,30.3306,NaN,9371,1.668439,0.822,0.002367775,0.3510055,9.310251,14.09464,1.299252,58.55092,19.75442,0.3272991,0.671835,1.900986299,,,,,,,,,
229,-42.58,-73.88,1.3,9.95564,260.3717,2207,39.32607,30662,642.0336,0.2083333,135.4167,12.81667,7.133333,0.717,0.72,4.9,10,51,40,55,128.9,5.5,1200,202.705,30.3306,NaN,9371,1.668439,0.822,0.002367775,0.3510055,9.310251,14.09464,1.299252,58.55092,19.75442,0.3272991,0.671835,0.262364264,,,,,,,,,
230,-43.25,170.1,1,11.19251,326.6288,2947,25.74793,26889,568.5983,0.3916667,165.7333,15.75,6.633333,0.07099999,1.27,5,69,19,10,37,11.4,1,600,264.539,25.3685,NaN,5074,1.986923,0.768,0.007343393,0.35552,8.932288,12.72704,1.029472,NaN,NaN,0.1403858,0.844412,0,,,,,,,,,
231,-43.25,170.1,1.5,11.19251,326.6288,2947,25.74793,26889,568.5983,0.3916667,165.7333,15.75,6.633333,0.07099999,1.27,5,69,19,10,37,11.4,1,600,264.539,25.3685,NaN,5074,1.986923,0.768,0.007343393,0.35552,8.932288,12.72704,1.029472,NaN,NaN,0.1403858,0.844412,0.405465108,,,,,,,,,
232,-43.25,170.1,5.35,11.19251,326.6288,2947,25.74793,26889,568.5983,0.3916667,165.7333,15.75,6.633333,0.07099999,1.27,5,69,19,10,37,11.4,1,600,264.539,25.3685,NaN,5074,1.986923,0.768,0.007343393,0.35552,8.932288,12.72704,1.029472,NaN,NaN,0.1403858,0.844412,1.677096561,,,,,,,,,
233,-53.75,-72.52,1,3.833843,255.5858,2011,11.59207,50265,NaN,0.1333333,80.51667,7.65,1.108333,0.1224,1.28,5.7,60,24,15,38,0,0,NaN,88.6792,12.3167,0.1933069,0,NaN,NaN,0.006013797,0.310372,10.12408,NaN,1.396008,NaN,NaN,0.425741,0.5510131,0,,,,,,,,,
234,-60,-45,1.1895,NaN,NaN,NaN,NaN,NaN,NaN,NaN,NaN,NaN,NaN,NaN,NaN,NaN,NaN,NaN,NaN,NaN,NaN,NaN,NaN,0,0,NaN,0,NaN,NaN,0.001876782,NaN,NaN,NaN,NaN,NaN,NaN,NaN,NaN,0.173533051,,,,,,,,,
235,-62.2125,-58.933333,2.507042254,-3.576804,294.2814,796,21.14905,NaN,NaN,NaN,NaN,NaN,NaN,NaN,NaN,NaN,NaN,NaN,NaN,NaN,NaN,NaN,NaN,0,0,NaN,0,NaN,NaN,0.001358786,NaN,NaN,NaN,NaN,NaN,NaN,NaN,NaN,0.919103673,,,,,,,,,
